Workbook
Name Aportes_mensais: Aplicativo!$D$18
Name Patrimonio: Aplicativo!$D$21
Name Qtd_anos: Aplicativo!$D$19
Name Rendimento_Carteira: Aplicativo!$D$14
Name Salario: Aplicativo!$D$13
Name Sugestao_Investimento: Aplicativo!$D$15
Name Taxa_mensal: Aplicativo!$D$20

Sheet Aplicativo
B12: CONFIGURAÇÕES
B13: Salário | D13: 2000
B14: Rendimento da carteira | D14: 0.006
B15: Sugestão de Investimento (30%) | D15: =D13*30% -> 600
B17: ANÁLISE DE INVESTIMENTO MENSAL
B18: Quanto investir por mês? | D18: 200
B19: Por quantos anos? | D19: 5
B20: Taxa de rendimento mensal? | D20: 0.0108
B21: Patriônio acumulado? | D21: =FV(Taxa_mensal,Qtd_anos*12,Aportes_mensais*-1) -> 16760.804
B22: Dividendos mensais? | D22: =Patrimonio*Rendimento_Carteira -> 100.56482
B24: CENÁRIOS | D24: Dividendos
A25: 2 | B25: 2 Anos | C25: =FV(Taxa_mensal,A25*12,Aportes_mensais*-1) -> 5446.1727 | D25: =C25*Rendimento_Carteira -> 32.677036
A26: 5 | B26: 5 Anos | C26: =FV(Taxa_mensal,A26*12,Aportes_mensais*-1) -> 16760.804 | D26: =C26*Rendimento_Carteira -> 100.56482
A27: 10 | B27: 10 Anos | C27: =FV(Taxa_mensal,A27*12,Aportes_mensais*-1) -> 48691.533 | D27: =C27*Rendimento_Carteira -> 292.1492
A28: 20 | B28: 20 Anos | C28: =FV(Taxa_mensal,A28*12,Aportes_mensais*-1) -> 225409.8 | D28: =C28*Rendimento_Carteira -> 1352.4588
A29: 30 | B29: 30 Anos | C29: =FV(Taxa_mensal,A29*12,Aportes_mensais*-1) -> 866780.96 | D29: =C29*Rendimento_Carteira -> 5200.6858
B34: PERFIL: | C34: Moderado
B35: Valor a ser investido por mês | C35: =Aportes_mensais -> 200
B37: Tipos de FII | C37: % Sugerido | D37: Valores
B38: Papel | C38: =VLOOKUP($C$34&"-"&B38,Planilha2!$B:$E,4,FALSE) -> 0.25 | D38: =Aportes_mensais*C38 -> 50
B39: Tijolo | C39: =VLOOKUP($C$34&"-"&B39,Planilha2!$B:$E,4,FALSE) -> 0.3 | D39: =Aportes_mensais*C39 -> 60
B40: Híbridos | C40: =VLOOKUP($C$34&"-"&B40,Planilha2!$B:$E,4,FALSE) -> 0.1 | D40: =Aportes_mensais*C40 -> 20
B41: FOFs | C41: =VLOOKUP($C$34&"-"&B41,Planilha2!$B:$E,4,FALSE) -> 0.1 | D41: =Aportes_mensais*C41 -> 20
B42: Desenvolvimento | C42: =VLOOKUP($C$34&"-"&B42,Planilha2!$B:$E,4,FALSE) -> 0.15 | D42: =Aportes_mensais*C42 -> 30
B43: Hotelarias | C43: =VLOOKUP($C$34&"-"&B43,Planilha2!$B:$E,4,FALSE) -> 0.1 | D43: =Aportes_mensais*C43 -> 20
D44: =SUM(D38:D43) -> 200

Sheet Planilha2
B3: Chave | C3: Perfil | D3: Tipo de FII | E3: %
B4: =C4&"-"&D4 -> Conservador-PAPEL | C4: Conservador | D4: PAPEL | E4: 0.25
B5: =C5&"-"&D5 -> Conservador-TIJOLO | C5: Conservador | D5: TIJOLO | E5: 0.4
B6: =C6&"-"&D6 -> Conservador-HÍBRIDOS | C6: Conservador | D6: HÍBRIDOS | E6: 0.2
B7: =C7&"-"&D7 -> Conservador-FOFs | C7: Conservador | D7: FOFs | E7: 0.05
B8: =C8&"-"&D8 -> Conservador-DESENVOLVIMENTO | C8: Conservador | D8: DESENVOLVIMENTO | E8: 0.07
B9: =C9&"-"&D9 -> Conservador-HOTELARIAS | C9: Conservador | D9: HOTELARIAS | E9: 0.03
B10: =C10&"-"&D10 -> Moderado-PAPEL | C10: Moderado | D10: PAPEL | E10: 0.25
B11: =C11&"-"&D11 -> Moderado-TIJOLO | C11: Moderado | D11: TIJOLO | E11: 0.3
B12: =C12&"-"&D12 -> Moderado-HÍBRIDOS | C12: Moderado | D12: HÍBRIDOS | E12: 0.1
B13: =C13&"-"&D13 -> Moderado-FOFs | C13: Moderado | D13: FOFs | E13: 0.1
B14: =C14&"-"&D14 -> Moderado-DESENVOLVIMENTO | C14: Moderado | D14: DESENVOLVIMENTO | E14: 0.15
B15: =C15&"-"&D15 -> Moderado-HOTELARIAS | C15: Moderado | D15: HOTELARIAS | E15: 0.1
... B21: =C21&"-"&D21 -> Agressivo-HOTELARIAS | C21: Agressivo | D21: HOTELARIAS | E21: 0.1
